Workbook

Sheet Settings
A1: Calculator settings
A2: Setting | B2: Value | C2: Plain English
A3: Workdays in month | B3: 20 | C3: Working days in a typical month. This workbook uses 20.
A4: Workdays per week | B4: 5 | C4: Used to calculate weekly targets from workdays.
A5: Buffer conversations per admission | B5: 2 | C5: Add two extra referral conversations for every admission needed.
A6: Team baseline conversations per admission | B6: 15 | C6: Used for new hires and for any rep with zero admissions last cycle.
A7: Ramp week 1 percent | B7: 0.5 | C7: New hire ramp: percent of steady state weekly target in week 1.
A8: Ramp week 2 percent | B8: 0.7 | C8: New hire ramp: percent of steady state weekly target in week 2.
A9: Ramp week 3 percent | B9: 0.85 | C9: New hire ramp: percent of steady state weekly target in week 3.
A10: Ramp week 4 percent | B10: 1 | C10: New hire ramp: percent of steady state weekly target in week 4.

Sheet Read Me
A1: How to use this calculator
A3: Purpose
A4: Turn a monthly admission goal into the number of referral source conversations needed for the month, week, and day.
A6: What counts as an activity
A7: One activity equals a live conversation with a contact at a referral source.
A9: What last cycle means
A10: Last cycle equals the most recent 20 workdays.
A12: Two types of reps this workbook supports
A13: Tenured rep: has last cycle admissions and last cycle conversations.
A14: New hire: has no prior month numbers yet.
A16: How tenured reps are calculated
A17: The workbook calculates the rep’s conversations per admission from last cycle.
... A27: For new hires, leave last cycle admissions and conversations at zero.

Sheet Rep Targets
A1: Rep Targets
A2: Rep name | B2: Rep status | C2: Monthly admission goal | D2: Workdays in month | E2: Last cycle admissions | F2: Last cycle referral conversations | G2: Buffer conversations per admission | H2: Conversations per admission used | I2: Rate source | J2: Base conversations needed this month | K2: Buffer conversations added this month | L2: Target conversations this month | M2: Target conversations per week | N2: Target conversations per day | O2: New hire ramp week 1 conversations | P2: New hire ramp week 2 conversations | Q2: New hire ramp week 3 conversations | R2: New hire ramp week 4 conversations | S2: Plain English plan | T2: Plain English ramp plan
D3: =Settings!$B$3 | G3: =Settings!$B$5 | H3: =IF($B3="New hire",Settings!$B$6,IF($E3>0,$F3/$E3,Settings!$B$6)) | I3: =IF($B3="New hire","Baseline",IF($E3>0,"Personal","Baseline")) | J3: =IF($C3>0,$C3*$H3,"") | K3: =IF($C3>0,$G3*$C3,"") | L3: =IF($C3>0,$J3+$K3,"") | M3: =IF($L3>0,CEILING($L3/($D3/Settings!$B$4),1),"") | N3: =IF($L3>0,CEILING($L3/$D3,1),"") | O3: =IF($B3="New hire",CEILING($M3*Settings!$B$7,1),"") | P3: =IF($B3="New hire",CEILING($M3*Settings!$B$8,1),"") | Q3: =IF($B3="New hire",CEILING($M3*Settings!$B$9,1),"") | R3: =IF($B3="New hire",CEILING($M3*Settings!$B$10,1),"") | S3: =IF($C3>0,"To hit "&$C3&" admissions this month, plan for "&TEXT(ROUNDUP($L3,0),"0")&" referral conversations this month. That is "&TEXT($M3,"0")&" per week and "&TEXT($N3,"0")&" per day. This includes a buffer of "&TEXT($K3,"0")&" extra conversations. Rate used: "&$I3&".","") | T3: =IF($B3="New hire","New hire ramp plan based on the steady state weekly target of "&TEXT($M3,"0")&" conversations per week. Week 1: "&TEXT($O3,"0")&". Week 2: "&TEXT($P3,"0")&". Week 3: "&TEXT($Q3,"0")&". Week 4: "&TEXT($R3,"0")&".","")
D4: =Settings!$B$3 | G4: =Settings!$B$5 | H4: =IF($B4="New hire",Settings!$B$6,IF($E4>0,$F4/$E4,Settings!$B$6)) | I4: =IF($B4="New hire","Baseline",IF($E4>0,"Personal","Baseline")) | J4: =IF($C4>0,$C4*$H4,"") | K4: =IF($C4>0,$G4*$C4,"") | L4: =IF($C4>0,$J4+$K4,"") | M4: =IF($L4>0,CEILING($L4/($D4/Settings!$B$4),1),"") | N4: =IF($L4>0,CEILING($L4/$D4,1),"") | O4: =IF($B4="New hire",CEILING($M4*Settings!$B$7,1),"") | P4: =IF($B4="New hire",CEILING($M4*Settings!$B$8,1),"") | Q4: =IF($B4="New hire",CEILING($M4*Settings!$B$9,1),"") | R4: =IF($B4="New hire",CEILING($M4*Settings!$B$10,1),"") | S4: =IF($C4>0,"To hit "&$C4&" admissions this month, plan for "&TEXT(ROUNDUP($L4,0),"0")&" referral conversations this month. That is "&TEXT($M4,"0")&" per week and "&TEXT($N4,"0")&" per day. This includes a buffer of "&TEXT($K4,"0")&" extra conversations. Rate used: "&$I4&".","") | T4: =IF($B4="New hire","New hire ramp plan based on the steady state weekly target of "&TEXT($M4,"0")&" conversations per week. Week 1: "&TEXT($O4,"0")&". Week 2: "&TEXT($P4,"0")&". Week 3: "&TEXT($Q4,"0")&". Week 4: "&TEXT($R4,"0")&".","")
D5: =Settings!$B$3 | G5: =Settings!$B$5 | H5: =IF($B5="New hire",Settings!$B$6,IF($E5>0,$F5/$E5,Settings!$B$6)) | I5: =IF($B5="New hire","Baseline",IF($E5>0,"Personal","Baseline")) | J5: =IF($C5>0,$C5*$H5,"") | K5: =IF($C5>0,$G5*$C5,"") | L5: =IF($C5>0,$J5+$K5,"") | M5: =IF($L5>0,CEILING($L5/($D5/Settings!$B$4),1),"") | N5: =IF($L5>0,CEILING($L5/$D5,1),"") | O5: =IF($B5="New hire",CEILING($M5*Settings!$B$7,1),"") | P5: =IF($B5="New hire",CEILING($M5*Settings!$B$8,1),"") | Q5: =IF($B5="New hire",CEILING($M5*Settings!$B$9,1),"") | R5: =IF($B5="New hire",CEILING($M5*Settings!$B$10,1),"") | S5: =IF($C5>0,"To hit "&$C5&" admissions this month, plan for "&TEXT(ROUNDUP($L5,0),"0")&" referral conversations this month. That is "&TEXT($M5,"0")&" per week and "&TEXT($N5,"0")&" per day. This includes a buffer of "&TEXT($K5,"0")&" extra conversations. Rate used: "&$I5&".","") | T5: =IF($B5="New hire","New hire ramp plan based on the steady state weekly target of "&TEXT($M5,"0")&" conversations per week. Week 1: "&TEXT($O5,"0")&". Week 2: "&TEXT($P5,"0")&". Week 3: "&TEXT($Q5,"0")&". Week 4: "&TEXT($R5,"0")&".","")
D6: =Settings!$B$3 | G6: =Settings!$B$5 | H6: =IF($B6="New hire",Settings!$B$6,IF($E6>0,$F6/$E6,Settings!$B$6)) | I6: =IF($B6="New hire","Baseline",IF($E6>0,"Personal","Baseline")) | J6: =IF($C6>0,$C6*$H6,"") | K6: =IF($C6>0,$G6*$C6,"") | L6: =IF($C6>0,$J6+$K6,"") | M6: =IF($L6>0,CEILING($L6/($D6/Settings!$B$4),1),"") | N6: =IF($L6>0,CEILING($L6/$D6,1),"") | O6: =IF($B6="New hire",CEILING($M6*Settings!$B$7,1),"") | P6: =IF($B6="New hire",CEILING($M6*Settings!$B$8,1),"") | Q6: =IF($B6="New hire",CEILING($M6*Settings!$B$9,1),"") | R6: =IF($B6="New hire",CEILING($M6*Settings!$B$10,1),"") | S6: =IF($C6>0,"To hit "&$C6&" admissions this month, plan for "&TEXT(ROUNDUP($L6,0),"0")&" referral conversations this month. That is "&TEXT($M6,"0")&" per week and "&TEXT($N6,"0")&" per day. This includes a buffer of "&TEXT($K6,"0")&" extra conversations. Rate used: "&$I6&".","") | T6: =IF($B6="New hire","New hire ramp plan based on the steady state weekly target of "&TEXT($M6,"0")&" conversations per week. Week 1: "&TEXT($O6,"0")&". Week 2: "&TEXT($P6,"0")&". Week 3: "&TEXT($Q6,"0")&". Week 4: "&TEXT($R6,"0")&".","")
D7: =Settings!$B$3 | G7: =Settings!$B$5 | H7: =IF($B7="New hire",Settings!$B$6,IF($E7>0,$F7/$E7,Settings!$B$6)) | I7: =IF($B7="New hire","Baseline",IF($E7>0,"Personal","Baseline")) | J7: =IF($C7>0,$C7*$H7,"") | K7: =IF($C7>0,$G7*$C7,"") | L7: =IF($C7>0,$J7+$K7,"") | M7: =IF($L7>0,CEILING($L7/($D7/Settings!$B$4),1),"") | N7: =IF($L7>0,CEILING($L7/$D7,1),"") | O7: =IF($B7="New hire",CEILING($M7*Settings!$B$7,1),"") | P7: =IF($B7="New hire",CEILING($M7*Settings!$B$8,1),"") | Q7: =IF($B7="New hire",CEILING($M7*Settings!$B$9,1),"") | R7: =IF($B7="New hire",CEILING($M7*Settings!$B$10,1),"") | S7: =IF($C7>0,"To hit "&$C7&" admissions this month, plan for "&TEXT(ROUNDUP($L7,0),"0")&" referral conversations this month. That is "&TEXT($M7,"0")&" per week and "&TEXT($N7,"0")&" per day. This includes a buffer of "&TEXT($K7,"0")&" extra conversations. Rate used: "&$I7&".","") | T7: =IF($B7="New hire","New hire ramp plan based on the steady state weekly target of "&TEXT($M7,"0")&" conversations per week. Week 1: "&TEXT($O7,"0")&". Week 2: "&TEXT($P7,"0")&". Week 3: "&TEXT($Q7,"0")&". Week 4: "&TEXT($R7,"0")&".","")
D8: =Settings!$B$3 | G8: =Settings!$B$5 | H8: =IF($B8="New hire",Settings!$B$6,IF($E8>0,$F8/$E8,Settings!$B$6)) | I8: =IF($B8="New hire","Baseline",IF($E8>0,"Personal","Baseline")) | J8: =IF($C8>0,$C8*$H8,"") | K8: =IF($C8>0,$G8*$C8,"") | L8: =IF($C8>0,$J8+$K8,"") | M8: =IF($L8>0,CEILING($L8/($D8/Settings!$B$4),1),"") | N8: =IF($L8>0,CEILING($L8/$D8,1),"") | O8: =IF($B8="New hire",CEILING($M8*Settings!$B$7,1),"") | P8: =IF($B8="New hire",CEILING($M8*Settings!$B$8,1),"") | Q8: =IF($B8="New hire",CEILING($M8*Settings!$B$9,1),"") | R8: =IF($B8="New hire",CEILING($M8*Settings!$B$10,1),"") | S8: =IF($C8>0,"To hit "&$C8&" admissions this month, plan for "&TEXT(ROUNDUP($L8,0),"0")&" referral conversations this month. That is "&TEXT($M8,"0")&" per week and "&TEXT($N8,"0")&" per day. This includes a buffer of "&TEXT($K8,"0")&" extra conversations. Rate used: "&$I8&".","") | T8: =IF($B8="New hire","New hire ramp plan based on the steady state weekly target of "&TEXT($M8,"0")&" conversations per week. Week 1: "&TEXT($O8,"0")&". Week 2: "&TEXT($P8,"0")&". Week 3: "&TEXT($Q8,"0")&". Week 4: "&TEXT($R8,"0")&".","")
D9: =Settings!$B$3 | G9: =Settings!$B$5 | H9: =IF($B9="New hire",Settings!$B$6,IF($E9>0,$F9/$E9,Settings!$B$6)) | I9: =IF($B9="New hire","Baseline",IF($E9>0,"Personal","Baseline")) | J9: =IF($C9>0,$C9*$H9,"") | K9: =IF($C9>0,$G9*$C9,"") | L9: =IF($C9>0,$J9+$K9,"") | M9: =IF($L9>0,CEILING($L9/($D9/Settings!$B$4),1),"") | N9: =IF($L9>0,CEILING($L9/$D9,1),"") | O9: =IF($B9="New hire",CEILING($M9*Settings!$B$7,1),"") | P9: =IF($B9="New hire",CEILING($M9*Settings!$B$8,1),"") | Q9: =IF($B9="New hire",CEILING($M9*Settings!$B$9,1),"") | R9: =IF($B9="New hire",CEILING($M9*Settings!$B$10,1),"") | S9: =IF($C9>0,"To hit "&$C9&" admissions this month, plan for "&TEXT(ROUNDUP($L9,0),"0")&" referral conversations this month. That is "&TEXT($M9,"0")&" per week and "&TEXT($N9,"0")&" per day. This includes a buffer of "&TEXT($K9,"0")&" extra conversations. Rate used: "&$I9&".","") | T9: =IF($B9="New hire","New hire ramp plan based on the steady state weekly target of "&TEXT($M9,"0")&" conversations per week. Week 1: "&TEXT($O9,"0")&". Week 2: "&TEXT($P9,"0")&". Week 3: "&TEXT($Q9,"0")&". Week 4: "&TEXT($R9,"0")&".","")
D10: =Settings!$B$3 | G10: =Settings!$B$5 | H10: =IF($B10="New hire",Settings!$B$6,IF($E10>0,$F10/$E10,Settings!$B$6)) | I10: =IF($B10="New hire","Baseline",IF($E10>0,"Personal","Baseline")) | J10: =IF($C10>0,$C10*$H10,"") | K10: =IF($C10>0,$G10*$C10,"") | L10: =IF($C10>0,$J10+$K10,"") | M10: =IF($L10>0,CEILING($L10/($D10/Settings!$B$4),1),"") | N10: =IF($L10>0,CEILING($L10/$D10,1),"") | O10: =IF($B10="New hire",CEILING($M10*Settings!$B$7,1),"") | P10: =IF($B10="New hire",CEILING($M10*Settings!$B$8,1),"") | Q10: =IF($B10="New hire",CEILING($M10*Settings!$B$9,1),"") | R10: =IF($B10="New hire",CEILING($M10*Settings!$B$10,1),"") | S10: =IF($C10>0,"To hit "&$C10&" admissions this month, plan for "&TEXT(ROUNDUP($L10,0),"0")&" referral conversations this month. That is "&TEXT($M10,"0")&" per week and "&TEXT($N10,"0")&" per day. This includes a buffer of "&TEXT($K10,"0")&" extra conversations. Rate used: "&$I10&".","") | T10: =IF($B10="New hire","New hire ramp plan based on the steady state weekly target of "&TEXT($M10,"0")&" conversations per week. Week 1: "&TEXT($O10,"0")&". Week 2: "&TEXT($P10,"0")&". Week 3: "&TEXT($Q10,"0")&". Week 4: "&TEXT($R10,"0")&".","")
D11: =Settings!$B$3 | G11: =Settings!$B$5 | H11: =IF($B11="New hire",Settings!$B$6,IF($E11>0,$F11/$E11,Settings!$B$6)) | I11: =IF($B11="New hire","Baseline",IF($E11>0,"Personal","Baseline")) | J11: =IF($C11>0,$C11*$H11,"") | K11: =IF($C11>0,$G11*$C11,"") | L11: =IF($C11>0,$J11+$K11,"") | M11: =IF($L11>0,CEILING($L11/($D11/Settings!$B$4),1),"") | N11: =IF($L11>0,CEILING($L11/$D11,1),"") | O11: =IF($B11="New hire",CEILING($M11*Settings!$B$7,1),"") | P11: =IF($B11="New hire",CEILING($M11*Settings!$B$8,1),"") | Q11: =IF($B11="New hire",CEILING($M11*Settings!$B$9,1),"") | R11: =IF($B11="New hire",CEILING($M11*Settings!$B$10,1),"") | S11: =IF($C11>0,"To hit "&$C11&" admissions this month, plan for "&TEXT(ROUNDUP($L11,0),"0")&" referral conversations this month. That is "&TEXT($M11,"0")&" per week and "&TEXT($N11,"0")&" per day. This includes a buffer of "&TEXT($K11,"0")&" extra conversations. Rate used: "&$I11&".","") | T11: =IF($B11="New hire","New hire ramp plan based on the steady state weekly target of "&TEXT($M11,"0")&" conversations per week. Week 1: "&TEXT($O11,"0")&". Week 2: "&TEXT($P11,"0")&". Week 3: "&TEXT($Q11,"0")&". Week 4: "&TEXT($R11,"0")&".","")
D12: =Settings!$B$3 | G12: =Settings!$B$5 | H12: =IF($B12="New hire",Settings!$B$6,IF($E12>0,$F12/$E12,Settings!$B$6)) | I12: =IF($B12="New hire","Baseline",IF($E12>0,"Personal","Baseline")) | J12: =IF($C12>0,$C12*$H12,"") | K12: =IF($C12>0,$G12*$C12,"") | L12: =IF($C12>0,$J12+$K12,"") | M12: =IF($L12>0,CEILING($L12/($D12/Settings!$B$4),1),"") | N12: =IF($L12>0,CEILING($L12/$D12,1),"") | O12: =IF($B12="New hire",CEILING($M12*Settings!$B$7,1),"") | P12: =IF($B12="New hire",CEILING($M12*Settings!$B$8,1),"") | Q12: =IF($B12="New hire",CEILING($M12*Settings!$B$9,1),"") | R12: =IF($B12="New hire",CEILING($M12*Settings!$B$10,1),"") | S12: =IF($C12>0,"To hit "&$C12&" admissions this month, plan for "&TEXT(ROUNDUP($L12,0),"0")&" referral conversations this month. That is "&TEXT($M12,"0")&" per week and "&TEXT($N12,"0")&" per day. This includes a buffer of "&TEXT($K12,"0")&" extra conversations. Rate used: "&$I12&".","") | T12: =IF($B12="New hire","New hire ramp plan based on the steady state weekly target of "&TEXT($M12,"0")&" conversations per week. Week 1: "&TEXT($O12,"0")&". Week 2: "&TEXT($P12,"0")&". Week 3: "&TEXT($Q12,"0")&". Week 4: "&TEXT($R12,"0")&".","")
D13: =Settings!$B$3 | G13: =Settings!$B$5 | H13: =IF($B13="New hire",Settings!$B$6,IF($E13>0,$F13/$E13,Settings!$B$6)) | I13: =IF($B13="New hire","Baseline",IF($E13>0,"Personal","Baseline")) | J13: =IF($C13>0,$C13*$H13,"") | K13: =IF($C13>0,$G13*$C13,"") | L13: =IF($C13>0,$J13+$K13,"") | M13: =IF($L13>0,CEILING($L13/($D13/Settings!$B$4),1),"") | N13: =IF($L13>0,CEILING($L13/$D13,1),"") | O13: =IF($B13="New hire",CEILING($M13*Settings!$B$7,1),"") | P13: =IF($B13="New hire",CEILING($M13*Settings!$B$8,1),"") | Q13: =IF($B13="New hire",CEILING($M13*Settings!$B$9,1),"") | R13: =IF($B13="New hire",CEILING($M13*Settings!$B$10,1),"") | S13: =IF($C13>0,"To hit "&$C13&" admissions this month, plan for "&TEXT(ROUNDUP($L13,0),"0")&" referral conversations this month. That is "&TEXT($M13,"0")&" per week and "&TEXT($N13,"0")&" per day. This includes a buffer of "&TEXT($K13,"0")&" extra conversations. Rate used: "&$I13&".","") | T13: =IF($B13="New hire","New hire ramp plan based on the steady state weekly target of "&TEXT($M13,"0")&" conversations per week. Week 1: "&TEXT($O13,"0")&". Week 2: "&TEXT($P13,"0")&". Week 3: "&TEXT($Q13,"0")&". Week 4: "&TEXT($R13,"0")&".","")
D14: =Settings!$B$3 | G14: =Settings!$B$5 | H14: =IF($B14="New hire",Settings!$B$6,IF($E14>0,$F14/$E14,Settings!$B$6)) | I14: =IF($B14="New hire","Baseline",IF($E14>0,"Personal","Baseline")) | J14: =IF($C14>0,$C14*$H14,"") | K14: =IF($C14>0,$G14*$C14,"") | L14: =IF($C14>0,$J14+$K14,"") | M14: =IF($L14>0,CEILING($L14/($D14/Settings!$B$4),1),"") | N14: =IF($L14>0,CEILING($L14/$D14,1),"") | O14: =IF($B14="New hire",CEILING($M14*Settings!$B$7,1),"") | P14: =IF($B14="New hire",CEILING($M14*Settings!$B$8,1),"") | Q14: =IF($B14="New hire",CEILING($M14*Settings!$B$9,1),"") | R14: =IF($B14="New hire",CEILING($M14*Settings!$B$10,1),"") | S14: =IF($C14>0,"To hit "&$C14&" admissions this month, plan for "&TEXT(ROUNDUP($L14,0),"0")&" referral conversations this month. That is "&TEXT($M14,"0")&" per week and "&TEXT($N14,"0")&" per day. This includes a buffer of "&TEXT($K14,"0")&" extra conversations. Rate used: "&$I14&".","") | T14: =IF($B14="New hire","New hire ramp plan based on the steady state weekly target of "&TEXT($M14,"0")&" conversations per week. Week 1: "&TEXT($O14,"0")&". Week 2: "&TEXT($P14,"0")&". Week 3: "&TEXT($Q14,"0")&". Week 4: "&TEXT($R14,"0")&".","")
... D42: =Settings!$B$3 | G42: =Settings!$B$5 | H42: =IF($B42="New hire",Settings!$B$6,IF($E42>0,$F42/$E42,Settings!$B$6)) | I42: =IF($B42="New hire","Baseline",IF($E42>0,"Personal","Baseline")) | J42: =IF($C42>0,$C42*$H42,"") | K42: =IF($C42>0,$G42*$C42,"") | L42: =IF($C42>0,$J42+$K42,"") | M42: =IF($L42>0,CEILING($L42/($D42/Settings!$B$4),1),"") | N42: =IF($L42>0,CEILING($L42/$D42,1),"") | O42: =IF($B42="New hire",CEILING($M42*Settings!$B$7,1),"") | P42: =IF($B42="New hire",CEILING($M42*Settings!$B$8,1),"") | Q42: =IF($B42="New hire",CEILING($M42*Settings!$B$9,1),"") | R42: =IF($B42="New hire",CEILING($M42*Settings!$B$10,1),"") | S42: =IF($C42>0,"To hit "&$C42&" admissions this month, plan for "&TEXT(ROUNDUP($L42,0),"0")&" referral conversations this month. That is "&TEXT($M42,"0")&" per week and "&TEXT($N42,"0")&" per day. This includes a buffer of "&TEXT($K42,"0")&" extra conversations. Rate used: "&$I42&".","") | T42: =IF($B42="New hire","New hire ramp plan based on the steady state weekly target of "&TEXT($M42,"0")&" conversations per week. Week 1: "&TEXT($O42,"0")&". Week 2: "&TEXT($P42,"0")&". Week 3: "&TEXT($Q42,"0")&". Week 4: "&TEXT($R42,"0")&".","")

Sheet Rep Dashboard
A1: Rep Dashboard
A3: Select rep
A5: Rep status | B5: =IF($B$3="","",INDEX('Rep Targets'!$B$3:$B$42,MATCH($B$3,'Rep Targets'!$A$3:$A$42,0)))
A6: Monthly admission goal | B6: =IF($B$3="","",INDEX('Rep Targets'!$C$3:$C$42,MATCH($B$3,'Rep Targets'!$A$3:$A$42,0)))
A7: Last cycle admissions | B7: =IF($B$3="","",INDEX('Rep Targets'!$E$3:$E$42,MATCH($B$3,'Rep Targets'!$A$3:$A$42,0)))
A8: Last cycle referral conversations | B8: =IF($B$3="","",INDEX('Rep Targets'!$F$3:$F$42,MATCH($B$3,'Rep Targets'!$A$3:$A$42,0)))
A9: Conversations per admission used | B9: =IF($B$3="","",INDEX('Rep Targets'!$H$3:$H$42,MATCH($B$3,'Rep Targets'!$A$3:$A$42,0)))
A10: Rate source | B10: =IF($B$3="","",INDEX('Rep Targets'!$I$3:$I$42,MATCH($B$3,'Rep Targets'!$A$3:$A$42,0)))
A11: Target conversations this month | B11: =IF($B$3="","",INDEX('Rep Targets'!$L$3:$L$42,MATCH($B$3,'Rep Targets'!$A$3:$A$42,0)))
A12: Target conversations per week | B12: =IF($B$3="","",INDEX('Rep Targets'!$M$3:$M$42,MATCH($B$3,'Rep Targets'!$A$3:$A$42,0)))
A13: Target conversations per day | B13: =IF($B$3="","",INDEX('Rep Targets'!$N$3:$N$42,MATCH($B$3,'Rep Targets'!$A$3:$A$42,0)))
A14: New hire ramp week 1 conversations | B14: =IF($B$3="","",INDEX('Rep Targets'!$O$3:$O$42,MATCH($B$3,'Rep Targets'!$A$3:$A$42,0)))
A15: New hire ramp week 2 conversations | B15: =IF($B$3="","",INDEX('Rep Targets'!$P$3:$P$42,MATCH($B$3,'Rep Targets'!$A$3:$A$42,0)))
A16: New hire ramp week 3 conversations | B16: =IF($B$3="","",INDEX('Rep Targets'!$Q$3:$Q$42,MATCH($B$3,'Rep Targets'!$A$3:$A$42,0)))
A17: New hire ramp week 4 conversations | B17: =IF($B$3="","",INDEX('Rep Targets'!$R$3:$R$42,MATCH($B$3,'Rep Targets'!$A$3:$A$42,0)))
A20: Plain English plan | B20: =IF($B$3="","",INDEX('Rep Targets'!$S$3:$S$42,MATCH($B$3,'Rep Targets'!$A$3:$A$42,0)))
A22: Plain English ramp plan | B22: =IF($B$3="","",INDEX('Rep Targets'!$T$3:$T$42,MATCH($B$3,'Rep Targets'!$A$3:$A$42,0)))
